Location,TimeFrame,DataFormat,Data
Kentucky,1997,Rate,23.1
Kentucky,1998,Rate,21.2
Kentucky,1999,Rate,20.2
Kentucky,2000,Rate,20.8
Kentucky,2001,Rate,19.8
Kentucky,2002,Rate,21.1
Kentucky,2003,Rate,21.1
Kentucky,2004,Rate,22.2
Kentucky,2005,Rate,23
Kentucky,2006,Rate,23.1
Kentucky,2007,Rate,23.6
Kentucky,2008,Rate,23.4
Kentucky,2009,Rate,25.3
Kentucky,2010,Rate,26.1
Kentucky,2011,Rate,27.2
Kentucky,2012,Rate,26.5
Adair,1997,Rate,33.8
Adair,1998,Rate,30.2
Adair,1999,Rate,29.6
Adair,2000,Rate,30.9
Adair,2001,Rate,31
Adair,2002,Rate,29.3
Adair,2003,Rate,29
Adair,2004,Rate,30
Adair,2005,Rate,35
Adair,2006,Rate,34.2
Adair,2007,Rate,31.7
Adair,2008,Rate,33
Adair,2009,Rate,34
Adair,2010,Rate,35.4
Adair,2011,Rate,37.6
Adair,2012,Rate,39.2
Allen,1997,Rate,20
Allen,1998,Rate,22.1
Allen,1999,Rate,19.7
Allen,2000,Rate,23.8
Allen,2001,Rate,19.4
Allen,2002,Rate,20
Allen,2003,Rate,20.8
Allen,2004,Rate,23.9
Allen,2005,Rate,25
Allen,2006,Rate,25.7
Allen,2007,Rate,27
Allen,2008,Rate,27.5
Allen,2009,Rate,27.9
Allen,2010,Rate,31
Allen,2011,Rate,29.4
Allen,2012,Rate,30.8
Anderson,1997,Rate,11.8
Anderson,1998,Rate,12.6
Anderson,1999,Rate,11.6
Anderson,2000,Rate,9
Anderson,2001,Rate,11.1
Anderson,2002,Rate,11.8
Anderson,2003,Rate,12.9
Anderson,2004,Rate,12.7
Anderson,2005,Rate,12
Anderson,2006,Rate,13.2
Anderson,2007,Rate,12.9
Anderson,2008,Rate,13.2
Anderson,2009,Rate,16.7
Anderson,2010,Rate,18.4
Anderson,2011,Rate,17.2
Anderson,2012,Rate,18
Ballard,1997,Rate,19
Ballard,1998,Rate,19.4
Ballard,1999,Rate,19.5
Ballard,2000,Rate,19.8
Ballard,2001,Rate,18.9
Ballard,2002,Rate,20.7
Ballard,2003,Rate,20.4
Ballard,2004,Rate,21
Ballard,2005,Rate,22
Ballard,2006,Rate,22
Ballard,2007,Rate,24.3
Ballard,2008,Rate,22.2
Ballard,2009,Rate,24.2
Ballard,2010,Rate,22.5
Ballard,2011,Rate,24.9
Ballard,2012,Rate,25.5
Barren,1997,Rate,22.8
Barren,1998,Rate,22.5
Barren,1999,Rate,20.8
Barren,2000,Rate,20.6
Barren,2001,Rate,21.3
Barren,2002,Rate,22.3
Barren,2003,Rate,22.5
Barren,2004,Rate,23.3
Barren,2005,Rate,27
Barren,2006,Rate,25.5
Barren,2007,Rate,25
Barren,2008,Rate,25.5
Barren,2009,Rate,28.2
Barren,2010,Rate,28.9
Barren,2011,Rate,31
Barren,2012,Rate,30.2
Bath,1997,Rate,35
Bath,1998,Rate,30.7
Bath,1999,Rate,28
Bath,2000,Rate,29.9
Bath,2001,Rate,26.6
Bath,2002,Rate,27.4
Bath,2003,Rate,28.1
Bath,2004,Rate,28.6
Bath,2005,Rate,33
Bath,2006,Rate,30.6
Bath,2007,Rate,36.5
Bath,2008,Rate,38.4
Bath,2009,Rate,37.7
Bath,2010,Rate,38.1
Bath,2011,Rate,38
Bath,2012,Rate,36.5
Bell,1997,Rate,39.3
Bell,1998,Rate,33.5
Bell,1999,Rate,34.2
Bell,2000,Rate,42.1
Bell,2001,Rate,37.2
Bell,2002,Rate,39.4
Bell,2003,Rate,38.5
Bell,2004,Rate,39.4
Bell,2005,Rate,47
Bell,2006,Rate,42.4
Bell,2007,Rate,38.7
Bell,2008,Rate,41.8
Bell,2009,Rate,51.5
Bell,2010,Rate,41.9
Bell,2011,Rate,50.5
Bell,2012,Rate,46.5
Boone,1997,Rate,9.5
Boone,1998,Rate,9.7
Boone,1999,Rate,9
Boone,2000,Rate,6.8
Boone,2001,Rate,7.8
Boone,2002,Rate,8.3
Boone,2003,Rate,9.1
Boone,2004,Rate,9.8
Boone,2005,Rate,10
Boone,2006,Rate,8.7
Boone,2007,Rate,8.3
Boone,2008,Rate,8
Boone,2009,Rate,10.7
Boone,2010,Rate,11.5
Boone,2011,Rate,12.1
Boone,2012,Rate,12.3
Bourbon,1997,Rate,20.9
Bourbon,1998,Rate,21.1
Bourbon,1999,Rate,18.5
Bourbon,2000,Rate,19.3
Bourbon,2001,Rate,19.6
Bourbon,2002,Rate,19.3
Bourbon,2003,Rate,19.9
Bourbon,2004,Rate,20.2
Bourbon,2005,Rate,25
Bourbon,2006,Rate,21.7
Bourbon,2007,Rate,21.6
Bourbon,2008,Rate,21.1
Bourbon,2009,Rate,24
Bourbon,2010,Rate,24.7
Bourbon,2011,Rate,28.8
Bourbon,2012,Rate,26.4
Boyd,1997,Rate,25.9
Boyd,1998,Rate,25.4
Boyd,1999,Rate,22.7
Boyd,2000,Rate,23.5
Boyd,2001,Rate,21.9
Boyd,2002,Rate,23.6
Boyd,2003,Rate,23.5
Boyd,2004,Rate,24.8
Boyd,2005,Rate,24
Boyd,2006,Rate,25.6
Boyd,2007,Rate,23.6
Boyd,2008,Rate,24
Boyd,2009,Rate,29.5
Boyd,2010,Rate,28.4
Boyd,2011,Rate,29.9
Boyd,2012,Rate,26.5
Boyle,1997,Rate,19.6
Boyle,1998,Rate,19.3
Boyle,1999,Rate,17.6
Boyle,2000,Rate,16.1
Boyle,2001,Rate,17.5
Boyle,2002,Rate,18.1
Boyle,2003,Rate,19
Boyle,2004,Rate,20
Boyle,2005,Rate,20
Boyle,2006,Rate,23.9
Boyle,2007,Rate,22.7
Boyle,2008,Rate,20.5
Boyle,2009,Rate,26.3
Boyle,2010,Rate,23.2
Boyle,2011,Rate,24.8
Boyle,2012,Rate,24.7
Bracken,1997,Rate,22.2
Bracken,1998,Rate,21.3
Bracken,1999,Rate,16
Bracken,2000,Rate,10.7
Bracken,2001,Rate,14.9
Bracken,2002,Rate,16.6
Bracken,2003,Rate,16.7
Bracken,2004,Rate,16.8
Bracken,2005,Rate,16
Bracken,2006,Rate,17.8
Bracken,2007,Rate,20.8
Bracken,2008,Rate,19.3
Bracken,2009,Rate,24.1
Bracken,2010,Rate,24.7
Bracken,2011,Rate,25.5
Bracken,2012,Rate,26
Breathitt,1997,Rate,44.9
Breathitt,1998,Rate,37.8
Breathitt,1999,Rate,37.6
Breathitt,2000,Rate,43.5
Breathitt,2001,Rate,39.2
Breathitt,2002,Rate,41.4
Breathitt,2003,Rate,39.8
Breathitt,2004,Rate,39.8
Breathitt,2005,Rate,47
Breathitt,2006,Rate,45.3
Breathitt,2007,Rate,45.3
Breathitt,2008,Rate,44.7
Breathitt,2009,Rate,46.6
Breathitt,2010,Rate,38.7
Breathitt,2011,Rate,47.2
Breathitt,2012,Rate,44.2
Breckinridge,1997,Rate,26.5
Breckinridge,1998,Rate,26.5
Breckinridge,1999,Rate,21.4
Breckinridge,2000,Rate,16.8
Breckinridge,2001,Rate,21.6
Breckinridge,2002,Rate,23.1
Breckinridge,2003,Rate,23.1
Breckinridge,2004,Rate,23.6
Breckinridge,2005,Rate,26
Breckinridge,2006,Rate,25.1
Breckinridge,2007,Rate,24.1
Breckinridge,2008,Rate,27
Breckinridge,2009,Rate,30
Breckinridge,2010,Rate,29.6
Breckinridge,2011,Rate,30.6
Breckinridge,2012,Rate,29.1
Bullitt,1997,Rate,14
Bullitt,1998,Rate,12.9
Bullitt,1999,Rate,12.8
Bullitt,2000,Rate,11.5
Bullitt,2001,Rate,10.6
Bullitt,2002,Rate,11.9
Bullitt,2003,Rate,13.7
Bullitt,2004,Rate,14.6
Bullitt,2005,Rate,13
Bullitt,2006,Rate,12.2
Bullitt,2007,Rate,13.3
Bullitt,2008,Rate,13.3
Bullitt,2009,Rate,14.7
Bullitt,2010,Rate,15.3
Bullitt,2011,Rate,16.7
Bullitt,2012,Rate,15.7
Butler,1997,Rate,27.8
Butler,1998,Rate,26.3
Butler,1999,Rate,22.5
Butler,2000,Rate,18.8
Butler,2001,Rate,21.5
Butler,2002,Rate,23.2
Butler,2003,Rate,24.4
Butler,2004,Rate,23.9
Butler,2005,Rate,25
Butler,2006,Rate,26
Butler,2007,Rate,26.8
Butler,2008,Rate,26.6
Butler,2009,Rate,30
Butler,2010,Rate,29.3
Butler,2011,Rate,30.5
Butler,2012,Rate,30
Caldwell,1997,Rate,25.8
Caldwell,1998,Rate,26.1
Caldwell,1999,Rate,22.5
Caldwell,2000,Rate,20.6
Caldwell,2001,Rate,20.1
Caldwell,2002,Rate,21.2
Caldwell,2003,Rate,20.8
Caldwell,2004,Rate,21.7
Caldwell,2005,Rate,23
Caldwell,2006,Rate,24.3
Caldwell,2007,Rate,25.2
Caldwell,2008,Rate,23.4
Caldwell,2009,Rate,26.7
Caldwell,2010,Rate,28.7
Caldwell,2011,Rate,30.9
Caldwell,2012,Rate,31.1
Calloway,1997,Rate,20
Calloway,1998,Rate,18.6
Calloway,1999,Rate,18.7
Calloway,2000,Rate,18.6
Calloway,2001,Rate,18.4
Calloway,2002,Rate,19.4
Calloway,2003,Rate,20
Calloway,2004,Rate,20.4
Calloway,2005,Rate,22
Calloway,2006,Rate,19.9
Calloway,2007,Rate,22
Calloway,2008,Rate,20.9
Calloway,2009,Rate,23.8
Calloway,2010,Rate,22.5
Calloway,2011,Rate,23.7
Calloway,2012,Rate,23.4
Campbell,1997,Rate,14.6
Campbell,1998,Rate,14.7
Campbell,1999,Rate,13.7
Campbell,2000,Rate,12.4
Campbell,2001,Rate,12.4
Campbell,2002,Rate,13.2
Campbell,2003,Rate,13.4
Campbell,2004,Rate,14
Campbell,2005,Rate,17
Campbell,2006,Rate,16.4
Campbell,2007,Rate,13.9
Campbell,2008,Rate,15.6
Campbell,2009,Rate,15.6
Campbell,2010,Rate,17.2
Campbell,2011,Rate,18.3
Campbell,2012,Rate,19.4
Carlisle,1997,Rate,24.4
Carlisle,1998,Rate,22.7
Carlisle,1999,Rate,20.8
Carlisle,2000,Rate,18.6
Carlisle,2001,Rate,21.2
Carlisle,2002,Rate,20.2
Carlisle,2003,Rate,20.6
Carlisle,2004,Rate,20.3
Carlisle,2005,Rate,22
Carlisle,2006,Rate,23
Carlisle,2007,Rate,23.6
Carlisle,2008,Rate,23.4
Carlisle,2009,Rate,23.9
Carlisle,2010,Rate,24.6
Carlisle,2011,Rate,28.3
Carlisle,2012,Rate,27.3
Carroll,1997,Rate,25
Carroll,1998,Rate,25
Carroll,1999,Rate,20.9
Carroll,2000,Rate,20.6
Carroll,2001,Rate,20.3
Carroll,2002,Rate,19.6
Carroll,2003,Rate,19.3
Carroll,2004,Rate,20.6
Carroll,2005,Rate,21
Carroll,2006,Rate,23.1
Carroll,2007,Rate,22.7
Carroll,2008,Rate,21.9
Carroll,2009,Rate,25.3
Carroll,2010,Rate,36.8
Carroll,2011,Rate,29.7
Carroll,2012,Rate,33.4
Carter,1997,Rate,34.6
Carter,1998,Rate,29.5
Carter,1999,Rate,28.6
Carter,2000,Rate,29.6
Carter,2001,Rate,28.6
Carter,2002,Rate,31.6
Carter,2003,Rate,30
Carter,2004,Rate,31.2
Carter,2005,Rate,31
Carter,2006,Rate,33.1
Carter,2007,Rate,29.1
Carter,2008,Rate,29.9
Carter,2009,Rate,34.9
Carter,2010,Rate,34.4
Carter,2011,Rate,33.3
Carter,2012,Rate,34.2
Casey,1997,Rate,32.6
Casey,1998,Rate,30.5
Casey,1999,Rate,28.6
Casey,2000,Rate,32.3
Casey,2001,Rate,31.5
Casey,2002,Rate,33.1
Casey,2003,Rate,32.7
Casey,2004,Rate,32.6
Casey,2005,Rate,37
Casey,2006,Rate,38.9
Casey,2007,Rate,36
Casey,2008,Rate,37.2
Casey,2009,Rate,40.6
Casey,2010,Rate,40.8
Casey,2011,Rate,41.9
Casey,2012,Rate,40.1
Christian,1997,Rate,24.7
Christian,1998,Rate,25
Christian,1999,Rate,20.3
Christian,2000,Rate,19.5
Christian,2001,Rate,23.2
Christian,2002,Rate,24
Christian,2003,Rate,20.1
Christian,2004,Rate,23.2
Christian,2005,Rate,23
Christian,2006,Rate,27.4
Christian,2007,Rate,27.4
Christian,2008,Rate,29
Christian,2009,Rate,25.4
Christian,2010,Rate,29
Christian,2011,Rate,34.4
Christian,2012,Rate,32.2
Clark,1997,Rate,20.5
Clark,1998,Rate,20.3
Clark,1999,Rate,17.8
Clark,2000,Rate,15
Clark,2001,Rate,17.1
Clark,2002,Rate,19.1
Clark,2003,Rate,19.3
Clark,2004,Rate,19.5
Clark,2005,Rate,19
Clark,2006,Rate,20.4
Clark,2007,Rate,21.8
Clark,2008,Rate,21.4
Clark,2009,Rate,22.6
Clark,2010,Rate,26.2
Clark,2011,Rate,25.4
Clark,2012,Rate,22.8
Clay,1997,Rate,43.8
Clay,1998,Rate,33.5
Clay,1999,Rate,38.3
Clay,2000,Rate,47.8
Clay,2001,Rate,38.9
Clay,2002,Rate,40.6
Clay,2003,Rate,41.6
Clay,2004,Rate,43.6
Clay,2005,Rate,50
Clay,2006,Rate,46.1
Clay,2007,Rate,50
Clay,2008,Rate,48.8
Clay,2009,Rate,54.8
Clay,2010,Rate,48.9
Clay,2011,Rate,47.1
Clay,2012,Rate,52.2
Clinton,1997,Rate,42.5
Clinton,1998,Rate,37.4
Clinton,1999,Rate,32.6
Clinton,2000,Rate,31.9
Clinton,2001,Rate,32.4
Clinton,2002,Rate,33.2
Clinton,2003,Rate,32.5
Clinton,2004,Rate,32.6
Clinton,2005,Rate,37
Clinton,2006,Rate,40.5
Clinton,2007,Rate,36.8
Clinton,2008,Rate,38.3
Clinton,2009,Rate,39.4
Clinton,2010,Rate,37.5
Clinton,2011,Rate,39
Clinton,2012,Rate,39.5
Crittenden,1997,Rate,25.8
Crittenden,1998,Rate,21.8
Crittenden,1999,Rate,24
Crittenden,2000,Rate,30.8
Crittenden,2001,Rate,26.9
Crittenden,2002,Rate,24.9
Crittenden,2003,Rate,27.2
Crittenden,2004,Rate,26.6
Crittenden,2005,Rate,30
Crittenden,2006,Rate,29.8
Crittenden,2007,Rate,31.3
Crittenden,2008,Rate,29.7
Crittenden,2009,Rate,31
Crittenden,2010,Rate,31.9
Crittenden,2011,Rate,32.5
Crittenden,2012,Rate,34.3
Cumberland,1997,Rate,40.4
Cumberland,1998,Rate,36.4
Cumberland,1999,Rate,30.2
Cumberland,2000,Rate,30.5
Cumberland,2001,Rate,30.9
Cumberland,2002,Rate,30.3
Cumberland,2003,Rate,31.1
Cumberland,2004,Rate,30.7
Cumberland,2005,Rate,34
Cumberland,2006,Rate,38.9
Cumberland,2007,Rate,36
Cumberland,2008,Rate,36.1
Cumberland,2009,Rate,36.7
Cumberland,2010,Rate,39.5
Cumberland,2011,Rate,41
Cumberland,2012,Rate,42.1
Daviess,1997,Rate,18.8
Daviess,1998,Rate,18.7
Daviess,1999,Rate,17.1
Daviess,2000,Rate,16
Daviess,2001,Rate,16.3
Daviess,2002,Rate,18.1
Daviess,2003,Rate,18.2
Daviess,2004,Rate,18.9
Daviess,2005,Rate,19
Daviess,2006,Rate,19.4
Daviess,2007,Rate,22.8
Daviess,2008,Rate,17.9
Daviess,2009,Rate,21.9
Daviess,2010,Rate,24.6
Daviess,2011,Rate,24.1
Daviess,2012,Rate,23.2
Edmonson,1997,Rate,28.2
Edmonson,1998,Rate,25.7
Edmonson,1999,Rate,24.5
Edmonson,2000,Rate,25.6
Edmonson,2001,Rate,24.1
Edmonson,2002,Rate,24.4
Edmonson,2003,Rate,25.6
Edmonson,2004,Rate,25.7
Edmonson,2005,Rate,28
Edmonson,2006,Rate,28.4
Edmonson,2007,Rate,26.2
Edmonson,2008,Rate,29
Edmonson,2009,Rate,29.4
Edmonson,2010,Rate,30.1
Edmonson,2011,Rate,28
Edmonson,2012,Rate,28.3
Elliott,1997,Rate,39.4
Elliott,1998,Rate,35.5
Elliott,1999,Rate,32.3
Elliott,2000,Rate,30.8
Elliott,2001,Rate,31.8
Elliott,2002,Rate,33.4
Elliott,2003,Rate,32.3
Elliott,2004,Rate,34
Elliott,2005,Rate,40
Elliott,2006,Rate,38.3
Elliott,2007,Rate,37.9
Elliott,2008,Rate,40.6
Elliott,2009,Rate,38.8
Elliott,2010,Rate,36
Elliott,2011,Rate,38.4
Elliott,2012,Rate,39
Estill,1997,Rate,33.7
Estill,1998,Rate,31.1
Estill,1999,Rate,29.2
Estill,2000,Rate,33
Fayette,1997,Rate,16.9
Fleming,1997,Rate,28.8
Floyd,1997,Rate,37.2
Franklin,1997,Rate,17.1
Fulton,1997,Rate,38
Gallatin,1997,Rate,23.6
Garrard,1997,Rate,22.9
Grant,1997,Rate,19.7
Graves,1997,Rate,21.1
Grayson,1997,Rate,28.6
Green,1997,Rate,29.7
Greenup,1997,Rate,24.2
Hancock,1997,Rate,16.1
Hardin,1997,Rate,16.9
Harlan,1997,Rate,39.1
Harrison,1997,Rate,19.6
Hart,1997,Rate,34.5
Henderson,1997,Rate,18.9
Henry,1997,Rate,22.4
Hickman,1997,Rate,24.3
Hopkins,1997,Rate,24.8
Jackson,1997,Rate,42.5
Jefferson,1997,Rate,19.4
Jessamine,1997,Rate,17.8
Johnson,1997,Rate,34.9
Kenton,1997,Rate,14.5
Knott,1997,Rate,35.9
Knox,1997,Rate,43.1
Larue,1997,Rate,22.3
Laurel,1997,Rate,30.2
Lawrence,1997,Rate,36.5
Lee,1997,Rate,47
Leslie,1997,Rate,38.3
Letcher,1997,Rate,33.6
Lewis,1997,Rate,36.1
Lincoln,1997,Rate,29.5
Livingston,1997,Rate,22.8
Logan,1997,Rate,20.7
Lyon,1997,Rate,21.2
McCracken,1997,Rate,22.5
McCreary,1997,Rate,46.6
McLean,1997,Rate,21.8
Madison,1997,Rate,21.2
Magoffin,1997,Rate,41.9
Marion,1997,Rate,23.1
Marshall,1997,Rate,17.2
Martin,1997,Rate,39.7
Mason,1997,Rate,26.5
Meade,1997,Rate,14.4
Menifee,1997,Rate,37.8
Mercer,1997,Rate,20.2
Metcalfe,1997,Rate,33.3
Monroe,1997,Rate,32.6
Montgomery,1997,Rate,24.5
Morgan,1997,Rate,41
Muhlenberg,1997,Rate,25.4
Nelson,1997,Rate,16.7
Nicholas,1997,Rate,28.1
Ohio,1997,Rate,26.5
Oldham,1997,Rate,6.5
Owen,1997,Rate,26.4
Owsley,1997,Rate,50
Pendleton,1997,Rate,19.7
Perry,1997,Rate,36.7
Pike,1997,Rate,29.6
Powell,1997,Rate,31.1
Fayette,1998,Rate,16.8
Fleming,1998,Rate,25.7
Floyd,1998,Rate,31
Franklin,1998,Rate,15.8
Fulton,1998,Rate,34.3
Gallatin,1998,Rate,16.4
Garrard,1998,Rate,22.6
Grant,1998,Rate,18.5
Graves,1998,Rate,21.3
Grayson,1998,Rate,22.9
Green,1998,Rate,29.1
Greenup,1998,Rate,22.8
Hancock,1998,Rate,14.5
Hardin,1998,Rate,17.9
Harlan,1998,Rate,32.2
Harrison,1998,Rate,17.9
Hart,1998,Rate,28.6
Henderson,1998,Rate,19
Henry,1998,Rate,20.3
Hickman,1998,Rate,22.4
Hopkins,1998,Rate,23
Jackson,1998,Rate,32.9
Jefferson,1998,Rate,19.6
Jessamine,1998,Rate,16.5
Johnson,1998,Rate,30
Kenton,1998,Rate,14.3
Knott,1998,Rate,29.3
Knox,1998,Rate,37.1
Larue,1998,Rate,20.4
Laurel,1998,Rate,25.5
Lawrence,1998,Rate,30.9
Lee,1998,Rate,36.4
Leslie,1998,Rate,29.5
Letcher,1998,Rate,28.1
Lewis,1998,Rate,32.5
Lincoln,1998,Rate,24.4
Livingston,1998,Rate,19.9
Logan,1998,Rate,20.1
Lyon,1998,Rate,19.7
McCracken,1998,Rate,22.1
McCreary,1998,Rate,36
McLean,1998,Rate,19.7
Madison,1998,Rate,19.6
Magoffin,1998,Rate,31
Marion,1998,Rate,22.9
Marshall,1998,Rate,16.9
Martin,1998,Rate,32.7
Mason,1998,Rate,24.6
Meade,1998,Rate,11.2
Menifee,1998,Rate,30.4
Mercer,1998,Rate,18.8
Metcalfe,1998,Rate,25.9
Monroe,1998,Rate,26.1
Montgomery,1998,Rate,22
Morgan,1998,Rate,32.7
Muhlenberg,1998,Rate,22.8
Nelson,1998,Rate,16.2
Nicholas,1998,Rate,21.4
Ohio,1998,Rate,24
Oldham,1998,Rate,6.8
Owen,1998,Rate,21.3
Owsley,1998,Rate,36.6
Pendleton,1998,Rate,18.3
Perry,1998,Rate,30.7
Pike,1998,Rate,25.2
Powell,1998,Rate,26.5
Fayette,1999,Rate,15.7
Fleming,1999,Rate,24.8
Floyd,1999,Rate,33.4
Franklin,1999,Rate,15.3
Fulton,1999,Rate,30
Gallatin,1999,Rate,20
Garrard,1999,Rate,20.1
Grant,1999,Rate,17.3
Graves,1999,Rate,20.8
Grayson,1999,Rate,24.4
Green,1999,Rate,25.7
Greenup,1999,Rate,21
Hancock,1999,Rate,16.5
Hardin,1999,Rate,15.2
Harlan,1999,Rate,34.3
Harrison,1999,Rate,17.9
Hart,1999,Rate,28.6
Henderson,1999,Rate,18.5
Henry,1999,Rate,18.8
Hickman,1999,Rate,23.9
Hopkins,1999,Rate,23
Jackson,1999,Rate,32.8
Jefferson,1999,Rate,17.4
Jessamine,1999,Rate,16.3
Johnson,1999,Rate,31.4
Kenton,1999,Rate,13.6
Knott,1999,Rate,32.5
Knox,1999,Rate,35.8
Larue,1999,Rate,19.7
Laurel,1999,Rate,25.8
Lawrence,1999,Rate,32.7
Lee,1999,Rate,36.6
Leslie,1999,Rate,32.6
Letcher,1999,Rate,31.4
Lewis,1999,Rate,32.1
Lincoln,1999,Rate,24.4
Livingston,1999,Rate,17
Logan,1999,Rate,19.7
Lyon,1999,Rate,19.3
McCracken,1999,Rate,21.2
McCreary,1999,Rate,37.8
McLean,1999,Rate,20.1
Madison,1999,Rate,18.8
Magoffin,1999,Rate,36.8
Marion,1999,Rate,21.9
Marshall,1999,Rate,15.8
Martin,1999,Rate,35.3
Mason,1999,Rate,23.4
Meade,1999,Rate,15.4
Menifee,1999,Rate,32.9
Mercer,1999,Rate,18.2
Metcalfe,1999,Rate,27.5
Monroe,1999,Rate,26.6
Montgomery,1999,Rate,20.8
Morgan,1999,Rate,33.6
Muhlenberg,1999,Rate,23.3
Nelson,1999,Rate,16.3
Nicholas,1999,Rate,20.4
Ohio,1999,Rate,22.1
Oldham,1999,Rate,6.9
Owen,1999,Rate,21.1
Owsley,1999,Rate,44.7
Pendleton,1999,Rate,17.3
Perry,1999,Rate,32.6
Pike,1999,Rate,27.2
Powell,1999,Rate,29.2
Fayette,2000,Rate,14.7
Fleming,2000,Rate,25.2
Floyd,2000,Rate,40.1
Franklin,2000,Rate,12.8
Fulton,2000,Rate,32.5
Gallatin,2000,Rate,17.1
Garrard,2000,Rate,19.7
Grant,2000,Rate,15.5
Graves,2000,Rate,22.7
Grayson,2000,Rate,25
Green,2000,Rate,23.6
Greenup,2000,Rate,18.9
Hancock,2000,Rate,18.2
Hardin,2000,Rate,13.9
Harlan,2000,Rate,40.4
Harrison,2000,Rate,16.1
Hart,2000,Rate,28.6
Henderson,2000,Rate,17.6
Henry,2000,Rate,16.4
Hickman,2000,Rate,27.7
Hopkins,2000,Rate,24.7
Jackson,2000,Rate,37
Jefferson,2000,Rate,18.5
Jessamine,2000,Rate,14
Johnson,2000,Rate,36.1
Kenton,2000,Rate,12.4
Knott,2000,Rate,40.2
Knox,2000,Rate,42.5
Larue,2000,Rate,19.4
Laurel,2000,Rate,29.4
Lawrence,2000,Rate,40.6
Lee,2000,Rate,41.8
Leslie,2000,Rate,39.3
Letcher,2000,Rate,36.2
Lewis,2000,Rate,36.8
Lincoln,2000,Rate,27.2
Livingston,2000,Rate,11.3
Logan,2000,Rate,21.3
Lyon,2000,Rate,17.6
McCracken,2000,Rate,22.1
McCreary,2000,Rate,41.4
McLean,2000,Rate,21.2
Madison,2000,Rate,18.2
Magoffin,2000,Rate,46
Marion,2000,Rate,22.3
Marshall,2000,Rate,11.9
Martin,2000,Rate,45.4
Mason,2000,Rate,23.7
Meade,2000,Rate,14.1
Menifee,2000,Rate,40.8
Mercer,2000,Rate,17.6
Metcalfe,2000,Rate,29.4
Monroe,2000,Rate,27.5
Montgomery,2000,Rate,18.7
Morgan,2000,Rate,34.9
Muhlenberg,2000,Rate,27.1
Nelson,2000,Rate,15.8
Nicholas,2000,Rate,14.4
Ohio,2000,Rate,22.4
Oldham,2000,Rate,5
Owen,2000,Rate,17.4
Owsley,2000,Rate,56.4
Pendleton,2000,Rate,14.9
Perry,2000,Rate,36.9
Pike,2000,Rate,30.7
Powell,2000,Rate,31.4
Estill,2001,Rate,28.4
Fayette,2001,Rate,15.5
Fleming,2001,Rate,25.5
Floyd,2001,Rate,33.7
Franklin,2001,Rate,14
Fulton,2001,Rate,31.5
Gallatin,2001,Rate,18.1
Garrard,2001,Rate,20.3
Grant,2001,Rate,17.5
Graves,2001,Rate,21
Grayson,2001,Rate,25
Green,2001,Rate,25.1
Greenup,2001,Rate,20.2
Hancock,2001,Rate,13.9
Hardin,2001,Rate,15.7
Harlan,2001,Rate,36.8
Harrison,2001,Rate,16.4
Hart,2001,Rate,29.7
Henderson,2001,Rate,17.1
Henry,2001,Rate,17
Hickman,2001,Rate,25.2
Hopkins,2001,Rate,22.5
Jackson,2001,Rate,33.9
Jefferson,2001,Rate,17.3
Jessamine,2001,Rate,16
Johnson,2001,Rate,29.7
Kenton,2001,Rate,12.6
Knott,2001,Rate,31
Knox,2001,Rate,38.4
Larue,2001,Rate,19.1
Laurel,2001,Rate,26.4
Lawrence,2001,Rate,30
Lee,2001,Rate,36.7
Leslie,2001,Rate,32.3
Letcher,2001,Rate,27.8
Lewis,2001,Rate,32.3
Lincoln,2001,Rate,25.7
Livingston,2001,Rate,17.6
Logan,2001,Rate,21.4
Lyon,2001,Rate,16.1
McCracken,2001,Rate,21
McCreary,2001,Rate,39.6
McLean,2001,Rate,18.2
Madison,2001,Rate,17.9
Magoffin,2001,Rate,35.4
Marion,2001,Rate,19.7
Marshall,2001,Rate,15
Martin,2001,Rate,33.6
Mason,2001,Rate,22.7
Meade,2001,Rate,14.1
Menifee,2001,Rate,33.4
Mercer,2001,Rate,16.9
Metcalfe,2001,Rate,31.8
Monroe,2001,Rate,27.3
Montgomery,2001,Rate,21.1
Morgan,2001,Rate,32.9
Muhlenberg,2001,Rate,23.9
Nelson,2001,Rate,14.2
Nicholas,2001,Rate,20.4
Ohio,2001,Rate,21.3
Oldham,2001,Rate,5.2
Owen,2001,Rate,20.5
Owsley,2001,Rate,46.5
Pendleton,2001,Rate,15.5
Perry,2001,Rate,31.6
Pike,2001,Rate,26.2
Powell,2001,Rate,31.6
Estill,2002,Rate,31.7
Fayette,2002,Rate,17.2
Fleming,2002,Rate,25.4
Floyd,2002,Rate,35.9
Franklin,2002,Rate,15
Fulton,2002,Rate,31.7
Gallatin,2002,Rate,18.5
Garrard,2002,Rate,20.9
Grant,2002,Rate,18.7
Graves,2002,Rate,21.1
Grayson,2002,Rate,25.9
Green,2002,Rate,25.2
Greenup,2002,Rate,21.5
Hancock,2002,Rate,13.3
Hardin,2002,Rate,17.1
Harlan,2002,Rate,39.7
Harrison,2002,Rate,18
Hart,2002,Rate,30.8
Henderson,2002,Rate,17.8
Henry,2002,Rate,17.3
Hickman,2002,Rate,21.3
Hopkins,2002,Rate,23
Jackson,2002,Rate,35.6
Jefferson,2002,Rate,19
Jessamine,2002,Rate,17.8
Johnson,2002,Rate,31
Kenton,2002,Rate,13.9
Knott,2002,Rate,33.6
Knox,2002,Rate,39.7
Larue,2002,Rate,21.4
Laurel,2002,Rate,27
Lawrence,2002,Rate,32.2
Lee,2002,Rate,38.7
Leslie,2002,Rate,36.5
Letcher,2002,Rate,31.6
Lewis,2002,Rate,36
Lincoln,2002,Rate,26.1
Livingston,2002,Rate,18.9
Logan,2002,Rate,21.7
Lyon,2002,Rate,18.1
McCracken,2002,Rate,22
McCreary,2002,Rate,42.7
McLean,2002,Rate,18.6
Madison,2002,Rate,19.3
Magoffin,2002,Rate,38.5
Marion,2002,Rate,20.4
Marshall,2002,Rate,16.9
Martin,2002,Rate,36.3
Mason,2002,Rate,22.9
Meade,2002,Rate,13.6
Menifee,2002,Rate,33.5
Mercer,2002,Rate,17
Metcalfe,2002,Rate,30.5
Monroe,2002,Rate,30.7
Montgomery,2002,Rate,22.4
Morgan,2002,Rate,35
Muhlenberg,2002,Rate,24.7
Nelson,2002,Rate,15.6
Nicholas,2002,Rate,20.9
Ohio,2002,Rate,22.9
Oldham,2002,Rate,5.7
Owen,2002,Rate,21.7
Owsley,2002,Rate,45.7
Pendleton,2002,Rate,15.9
Perry,2002,Rate,35.4
Pike,2002,Rate,29.1
Powell,2002,Rate,32.4
Estill,2003,Rate,31.3
Fayette,2003,Rate,17.7
Fleming,2003,Rate,25.3
Floyd,2003,Rate,34.8
Franklin,2003,Rate,15.7
Fulton,2003,Rate,32.6
Gallatin,2003,Rate,19.9
Garrard,2003,Rate,21.1
Grant,2003,Rate,18.1
Graves,2003,Rate,21.4
Grayson,2003,Rate,26
Green,2003,Rate,25.5
Greenup,2003,Rate,21.9
Hancock,2003,Rate,14.2
Hardin,2003,Rate,15.5
Harlan,2003,Rate,37.9
Harrison,2003,Rate,18.6
Hart,2003,Rate,28.8
Henderson,2003,Rate,18.8
Henry,2003,Rate,17.9
Hickman,2003,Rate,21.9
Hopkins,2003,Rate,22.8
Jackson,2003,Rate,33.2
Jefferson,2003,Rate,18.9
Jessamine,2003,Rate,18
Johnson,2003,Rate,30.5
Kenton,2003,Rate,14.7
Knott,2003,Rate,34.2
Knox,2003,Rate,38.3
Larue,2003,Rate,20.5
Laurel,2003,Rate,27.5
Lawrence,2003,Rate,32.4
Lee,2003,Rate,39.4
Leslie,2003,Rate,37.4
Letcher,2003,Rate,33.2
Lewis,2003,Rate,34.8
Lincoln,2003,Rate,25.2
Livingston,2003,Rate,18.3
Logan,2003,Rate,21.6
Lyon,2003,Rate,17.4
McCracken,2003,Rate,22.6
McCreary,2003,Rate,40.9
McLean,2003,Rate,19.8
Madison,2003,Rate,19.2
Magoffin,2003,Rate,38.9
Marion,2003,Rate,21
Marshall,2003,Rate,16.5
Martin,2003,Rate,37.3
Mason,2003,Rate,22.9
Meade,2003,Rate,15.1
Menifee,2003,Rate,34.1
Mercer,2003,Rate,18.3
Metcalfe,2003,Rate,28.6
Monroe,2003,Rate,29.7
Montgomery,2003,Rate,20.4
Morgan,2003,Rate,34.4
Muhlenberg,2003,Rate,25.4
Nelson,2003,Rate,16.1
Nicholas,2003,Rate,20.7
Ohio,2003,Rate,23.3
Oldham,2003,Rate,6.9
Owen,2003,Rate,20.9
Owsley,2003,Rate,47.3
Pendleton,2003,Rate,16.9
Perry,2003,Rate,32.8
Pike,2003,Rate,29.3
Powell,2003,Rate,32.3
Estill,2004,Rate,32.8
Fayette,2004,Rate,18.2
Fleming,2004,Rate,25.6
Floyd,2004,Rate,35.7
Franklin,2004,Rate,17
Fulton,2004,Rate,33.2
Gallatin,2004,Rate,21.2
Garrard,2004,Rate,20.8
Grant,2004,Rate,19
Graves,2004,Rate,22.9
Grayson,2004,Rate,26.4
Green,2004,Rate,25.3
Greenup,2004,Rate,22.4
Hancock,2004,Rate,15.7
Hardin,2004,Rate,18.1
Harlan,2004,Rate,37.9
Harrison,2004,Rate,19.5
Hart,2004,Rate,28.9
Henderson,2004,Rate,19.8
Henry,2004,Rate,18.4
Hickman,2004,Rate,23.9
Hopkins,2004,Rate,24.4
Jackson,2004,Rate,34.5
Jefferson,2004,Rate,21
Jessamine,2004,Rate,18.8
Johnson,2004,Rate,32.2
Kenton,2004,Rate,15.6
Knott,2004,Rate,35.4
Knox,2004,Rate,39.2
Larue,2004,Rate,21.4
Laurel,2004,Rate,28.9
Lawrence,2004,Rate,34.7
Lee,2004,Rate,39.4
Leslie,2004,Rate,37.9
Letcher,2004,Rate,32.8
Lewis,2004,Rate,36.7
Lincoln,2004,Rate,26.2
Livingston,2004,Rate,19.3
Logan,2004,Rate,22.4
Lyon,2004,Rate,17.2
McCracken,2004,Rate,24.2
McCreary,2004,Rate,41.4
McLean,2004,Rate,20
Madison,2004,Rate,20.1
Magoffin,2004,Rate,40.4
Marion,2004,Rate,21.9
Marshall,2004,Rate,17
Martin,2004,Rate,39.9
Mason,2004,Rate,23.4
Meade,2004,Rate,16.3
Menifee,2004,Rate,34.2
Mercer,2004,Rate,19
Metcalfe,2004,Rate,29.3
Monroe,2004,Rate,29.4
Montgomery,2004,Rate,20.9
Morgan,2004,Rate,34.6
Muhlenberg,2004,Rate,26.7
Nelson,2004,Rate,17.3
Nicholas,2004,Rate,20.5
Ohio,2004,Rate,24.6
Oldham,2004,Rate,7.3
Owen,2004,Rate,21.6
Owsley,2004,Rate,48
Pendleton,2004,Rate,18.8
Perry,2004,Rate,34.7
Pike,2004,Rate,30.6
Powell,2004,Rate,34
Estill,2005,Rate,39
Fayette,2005,Rate,17
Fleming,2005,Rate,28
Floyd,2005,Rate,39
Franklin,2005,Rate,17
Fulton,2005,Rate,38
Gallatin,2005,Rate,25
Garrard,2005,Rate,22
Grant,2005,Rate,19
Graves,2005,Rate,25
Grayson,2005,Rate,35
Green,2005,Rate,28
Greenup,2005,Rate,27
Hancock,2005,Rate,17
Hardin,2005,Rate,17
Harlan,2005,Rate,43
Harrison,2005,Rate,20
Hart,2005,Rate,34
Henderson,2005,Rate,20
Henry,2005,Rate,20
Hickman,2005,Rate,27
Hopkins,2005,Rate,27
Jackson,2005,Rate,40
Jefferson,2005,Rate,19
Jessamine,2005,Rate,18
Johnson,2005,Rate,34
Kenton,2005,Rate,15
Knott,2005,Rate,40
Knox,2005,Rate,46
Larue,2005,Rate,22
Laurel,2005,Rate,28
Lawrence,2005,Rate,48
Lee,2005,Rate,46
Leslie,2005,Rate,42
Letcher,2005,Rate,36
Lewis,2005,Rate,40
Lincoln,2005,Rate,27
Livingston,2005,Rate,21
Logan,2005,Rate,24
Lyon,2005,Rate,18
McCracken,2005,Rate,25
McCreary,2005,Rate,54
McLean,2005,Rate,22
Madison,2005,Rate,21
Magoffin,2005,Rate,46
Marion,2005,Rate,24
Marshall,2005,Rate,17
Martin,2005,Rate,58
Mason,2005,Rate,25
Meade,2005,Rate,16
Menifee,2005,Rate,43
Mercer,2005,Rate,20
Metcalfe,2005,Rate,34
Monroe,2005,Rate,33
Montgomery,2005,Rate,23
Morgan,2005,Rate,40
Muhlenberg,2005,Rate,28
Nelson,2005,Rate,17
Nicholas,2005,Rate,26
Ohio,2005,Rate,27
Oldham,2005,Rate,6
Owen,2005,Rate,23
Owsley,2005,Rate,62
Pendleton,2005,Rate,21
Perry,2005,Rate,40
Pike,2005,Rate,31
Powell,2005,Rate,36
Estill,2006,Rate,35.8
Fayette,2006,Rate,18.5
Fleming,2006,Rate,28.1
Floyd,2006,Rate,41.1
Franklin,2006,Rate,16.6
Fulton,2006,Rate,39.3
Gallatin,2006,Rate,24.3
Garrard,2006,Rate,22.1
Grant,2006,Rate,20.4
Graves,2006,Rate,25
Grayson,2006,Rate,28.2
Green,2006,Rate,27.4
Greenup,2006,Rate,22.2
Hancock,2006,Rate,15.9
Hardin,2006,Rate,17.3
Harlan,2006,Rate,42.9
Harrison,2006,Rate,20.6
Hart,2006,Rate,31.6
Henderson,2006,Rate,20.1
Henry,2006,Rate,20.1
Hickman,2006,Rate,27.3
Hopkins,2006,Rate,24.7
Jackson,2006,Rate,37.6
Jefferson,2006,Rate,21.5
Jessamine,2006,Rate,18.6
Johnson,2006,Rate,34.9
Kenton,2006,Rate,13.6
Knott,2006,Rate,40.2
Knox,2006,Rate,47.2
Larue,2006,Rate,22.4
Laurel,2006,Rate,27.9
Lawrence,2006,Rate,35.6
Lee,2006,Rate,44.2
Leslie,2006,Rate,36.4
Letcher,2006,Rate,36
Lewis,2006,Rate,37.8
Lincoln,2006,Rate,27.2
Livingston,2006,Rate,19.4
Logan,2006,Rate,23.6
Lyon,2006,Rate,19.1
McCracken,2006,Rate,23.7
McCreary,2006,Rate,46
McLean,2006,Rate,22.2
Madison,2006,Rate,19.8
Magoffin,2006,Rate,43.7
Marion,2006,Rate,23.8
Marshall,2006,Rate,17.8
Martin,2006,Rate,42.3
Mason,2006,Rate,27.1
Meade,2006,Rate,16.8
Menifee,2006,Rate,39.1
Mercer,2006,Rate,19.8
Metcalfe,2006,Rate,33.7
Monroe,2006,Rate,35.4
Montgomery,2006,Rate,22.1
Morgan,2006,Rate,36
Muhlenberg,2006,Rate,27.4
Nelson,2006,Rate,15.8
Nicholas,2006,Rate,22.2
Ohio,2006,Rate,25.4
Oldham,2006,Rate,6.2
Owen,2006,Rate,23.5
Owsley,2006,Rate,52.6
Pendleton,2006,Rate,21.3
Perry,2006,Rate,35.8
Pike,2006,Rate,27.8
Powell,2006,Rate,35.4
Estill,2007,Rate,36.2
Fayette,2007,Rate,19.5
Fleming,2007,Rate,27.3
Floyd,2007,Rate,44.4
Franklin,2007,Rate,17.8
Fulton,2007,Rate,42.8
Gallatin,2007,Rate,24.5
Garrard,2007,Rate,24.8
Grant,2007,Rate,25.5
Graves,2007,Rate,24.8
Grayson,2007,Rate,29.3
Green,2007,Rate,27.8
Greenup,2007,Rate,22.5
Hancock,2007,Rate,17.7
Hardin,2007,Rate,16.4
Harlan,2007,Rate,39.9
Harrison,2007,Rate,19.9
Hart,2007,Rate,33.1
Henderson,2007,Rate,19.3
Henry,2007,Rate,21.6
Hickman,2007,Rate,28.7
Hopkins,2007,Rate,26.7
Jackson,2007,Rate,43
Jefferson,2007,Rate,21
Jessamine,2007,Rate,19.2
Johnson,2007,Rate,32.8
Kenton,2007,Rate,16.7
Knott,2007,Rate,39.5
Knox,2007,Rate,42.3
Larue,2007,Rate,22.4
Laurel,2007,Rate,30.2
Lawrence,2007,Rate,34.6
Lee,2007,Rate,45.9
Leslie,2007,Rate,37.4
Letcher,2007,Rate,35.3
Lewis,2007,Rate,39
Lincoln,2007,Rate,27.7
Livingston,2007,Rate,20.3
Logan,2007,Rate,23.3
Lyon,2007,Rate,18.3
McCracken,2007,Rate,22.4
McCreary,2007,Rate,52.4
McLean,2007,Rate,23.5
Madison,2007,Rate,22.6
Magoffin,2007,Rate,43.7
Marion,2007,Rate,22.9
Marshall,2007,Rate,18.4
Martin,2007,Rate,45.5
Mason,2007,Rate,28.2
Meade,2007,Rate,18.4
Menifee,2007,Rate,38.6
Mercer,2007,Rate,19.9
Metcalfe,2007,Rate,36.9
Monroe,2007,Rate,34.5
Montgomery,2007,Rate,24.8
Morgan,2007,Rate,36.8
Muhlenberg,2007,Rate,26.3
Nelson,2007,Rate,16.4
Nicholas,2007,Rate,25.9
Ohio,2007,Rate,29.2
Oldham,2007,Rate,6
Owen,2007,Rate,22.2
Owsley,2007,Rate,55
Pendleton,2007,Rate,20.1
Perry,2007,Rate,47.2
Pike,2007,Rate,26.6
Powell,2007,Rate,39.8
Estill,2008,Rate,36.3
Fayette,2008,Rate,19.2
Fleming,2008,Rate,27.7
Floyd,2008,Rate,38.7
Franklin,2008,Rate,18.1
Fulton,2008,Rate,44.7
Gallatin,2008,Rate,24.2
Garrard,2008,Rate,22.9
Grant,2008,Rate,21.3
Graves,2008,Rate,28.7
Grayson,2008,Rate,27.5
Green,2008,Rate,29.8
Greenup,2008,Rate,22
Hancock,2008,Rate,17.1
Hardin,2008,Rate,18.3
Harlan,2008,Rate,41.6
Harrison,2008,Rate,21.6
Hart,2008,Rate,32
Henderson,2008,Rate,20.9
Henry,2008,Rate,22
Hickman,2008,Rate,27.5
Hopkins,2008,Rate,26.5
Jackson,2008,Rate,36.7
Jefferson,2008,Rate,21.7
Jessamine,2008,Rate,17.9
Johnson,2008,Rate,34.7
Kenton,2008,Rate,15.5
Knott,2008,Rate,39.4
Knox,2008,Rate,45
Larue,2008,Rate,23.8
Laurel,2008,Rate,27.9
Lawrence,2008,Rate,35.5
Lee,2008,Rate,46.2
Leslie,2008,Rate,36.8
Letcher,2008,Rate,37.3
Lewis,2008,Rate,38.3
Lincoln,2008,Rate,29.2
Livingston,2008,Rate,19.8
Logan,2008,Rate,23.1
Lyon,2008,Rate,19.2
McCracken,2008,Rate,23.4
McCreary,2008,Rate,51.1
McLean,2008,Rate,24.7
Madison,2008,Rate,17.5
Magoffin,2008,Rate,46.3
Marion,2008,Rate,23
Marshall,2008,Rate,17.5
Martin,2008,Rate,46.6
Mason,2008,Rate,26.4
Meade,2008,Rate,17.5
Menifee,2008,Rate,43
Mercer,2008,Rate,20.7
Metcalfe,2008,Rate,35
Monroe,2008,Rate,33.6
Montgomery,2008,Rate,22.9
Morgan,2008,Rate,36.7
Muhlenberg,2008,Rate,29.1
Nelson,2008,Rate,16.4
Nicholas,2008,Rate,25
Ohio,2008,Rate,27.7
Oldham,2008,Rate,6.1
Owen,2008,Rate,23.1
Owsley,2008,Rate,52.9
Pendleton,2008,Rate,21.1
Perry,2008,Rate,35.4
Pike,2008,Rate,33.1
Powell,2008,Rate,36.4
Estill,2009,Rate,42.5
Fayette,2009,Rate,19.9
Fleming,2009,Rate,31.3
Floyd,2009,Rate,40.8
Franklin,2009,Rate,21.1
Fulton,2009,Rate,44.4
Gallatin,2009,Rate,27.7
Garrard,2009,Rate,26.8
Grant,2009,Rate,25.4
Graves,2009,Rate,28
Grayson,2009,Rate,31.8
Green,2009,Rate,34.1
Greenup,2009,Rate,23.3
Hancock,2009,Rate,18.4
Hardin,2009,Rate,21.4
Harlan,2009,Rate,44.2
Harrison,2009,Rate,28
Hart,2009,Rate,35.4
Henderson,2009,Rate,26.2
Henry,2009,Rate,22.8
Hickman,2009,Rate,29.5
Hopkins,2009,Rate,30.3
Jackson,2009,Rate,41.9
Jefferson,2009,Rate,22
Jessamine,2009,Rate,20.9
Johnson,2009,Rate,32.9
Kenton,2009,Rate,19.7
Knott,2009,Rate,32.2
Knox,2009,Rate,47.9
Larue,2009,Rate,25.9
Laurel,2009,Rate,31.7
Lawrence,2009,Rate,41.8
Lee,2009,Rate,48.8
Leslie,2009,Rate,36.9
Letcher,2009,Rate,36.5
Lewis,2009,Rate,41.7
Lincoln,2009,Rate,33.1
Livingston,2009,Rate,23.3
Logan,2009,Rate,27.3
Lyon,2009,Rate,22.3
McCracken,2009,Rate,24.6
McCreary,2009,Rate,49.6
McLean,2009,Rate,23.7
Madison,2009,Rate,24.3
Magoffin,2009,Rate,40.1
Marion,2009,Rate,25.3
Marshall,2009,Rate,21.3
Martin,2009,Rate,48.2
Mason,2009,Rate,28.6
Meade,2009,Rate,18.2
Menifee,2009,Rate,44.7
Mercer,2009,Rate,21.7
Metcalfe,2009,Rate,38.2
Monroe,2009,Rate,36.9
Montgomery,2009,Rate,27.2
Morgan,2009,Rate,37.8
Muhlenberg,2009,Rate,26.5
Nelson,2009,Rate,20.9
Nicholas,2009,Rate,30.3
Ohio,2009,Rate,26.2
Oldham,2009,Rate,6.8
Owen,2009,Rate,24.1
Owsley,2009,Rate,56.9
Pendleton,2009,Rate,22.2
Perry,2009,Rate,36.4
Pike,2009,Rate,31.8
Estill,2010,Rate,42.2
Fayette,2010,Rate,23.9
Fleming,2010,Rate,30.8
Floyd,2010,Rate,43.5
Franklin,2010,Rate,23
Fulton,2010,Rate,41.5
Gallatin,2010,Rate,25.3
Garrard,2010,Rate,25.8
Grant,2010,Rate,26.1
Graves,2010,Rate,28.6
Grayson,2010,Rate,31.8
Green,2010,Rate,32.4
Greenup,2010,Rate,23.8
Hancock,2010,Rate,20.1
Hardin,2010,Rate,22.6
Harlan,2010,Rate,39.2
Harrison,2010,Rate,24.4
Hart,2010,Rate,37
Henderson,2010,Rate,22.4
Henry,2010,Rate,25.3
Hickman,2010,Rate,30.7
Hopkins,2010,Rate,29.5
Jackson,2010,Rate,40.1
Jefferson,2010,Rate,24.4
Jessamine,2010,Rate,23.6
Johnson,2010,Rate,32.8
Kenton,2010,Rate,18.3
Knott,2010,Rate,34.3
Knox,2010,Rate,45.3
Larue,2010,Rate,29.7
Laurel,2010,Rate,33.3
Lawrence,2010,Rate,29.9
Lee,2010,Rate,52.2
Leslie,2010,Rate,35.8
Letcher,2010,Rate,32.6
Lewis,2010,Rate,39.5
Lincoln,2010,Rate,33.9
Livingston,2010,Rate,23.4
Logan,2010,Rate,27.5
Lyon,2010,Rate,20.8
McCracken,2010,Rate,25.6
McCreary,2010,Rate,49.3
McLean,2010,Rate,24.1
Madison,2010,Rate,25.1
Magoffin,2010,Rate,41.2
Marion,2010,Rate,25.9
Marshall,2010,Rate,18.5
Martin,2010,Rate,42.2
Mason,2010,Rate,33.9
Meade,2010,Rate,21.5
Menifee,2010,Rate,43.2
Mercer,2010,Rate,22.9
Metcalfe,2010,Rate,36.1
Monroe,2010,Rate,39.1
Montgomery,2010,Rate,26.6
Morgan,2010,Rate,38.8
Muhlenberg,2010,Rate,30
Nelson,2010,Rate,21.5
Nicholas,2010,Rate,29.2
Ohio,2010,Rate,29.5
Oldham,2010,Rate,8.5
Owen,2010,Rate,25.1
Owsley,2010,Rate,54.4
Pendleton,2010,Rate,23
Perry,2010,Rate,37.9
Pike,2010,Rate,36.8
Estill,2011,Rate,40.5
Fayette,2011,Rate,21.2
Fleming,2011,Rate,32
Floyd,2011,Rate,37.5
Franklin,2011,Rate,22.4
Fulton,2011,Rate,44.7
Gallatin,2011,Rate,28.1
Garrard,2011,Rate,31.2
Grant,2011,Rate,25
Graves,2011,Rate,29.4
Grayson,2011,Rate,39.2
Green,2011,Rate,35.2
Greenup,2011,Rate,24.1
Hancock,2011,Rate,19.9
Hardin,2011,Rate,24
Harlan,2011,Rate,41.6
Harrison,2011,Rate,27.5
Hart,2011,Rate,40.4
Henderson,2011,Rate,24.4
Henry,2011,Rate,28.1
Hickman,2011,Rate,29
Hopkins,2011,Rate,29.2
Jackson,2011,Rate,42.3
Jefferson,2011,Rate,26.6
Jessamine,2011,Rate,25.3
Johnson,2011,Rate,35.8
Kenton,2011,Rate,23.1
Knott,2011,Rate,39.3
Knox,2011,Rate,44.9
Larue,2011,Rate,28.2
Laurel,2011,Rate,33.2
Lawrence,2011,Rate,34.6
Lee,2011,Rate,48.9
Leslie,2011,Rate,33.9
Letcher,2011,Rate,34.9
Lewis,2011,Rate,48
Lincoln,2011,Rate,36.8
Livingston,2011,Rate,25.4
Logan,2011,Rate,30.8
Lyon,2011,Rate,22.8
McCracken,2011,Rate,27.2
McCreary,2011,Rate,47.8
McLean,2011,Rate,28.7
Madison,2011,Rate,24.4
Magoffin,2011,Rate,41.3
Marion,2011,Rate,27.7
Marshall,2011,Rate,21.2
Martin,2011,Rate,47
Mason,2011,Rate,30.7
Meade,2011,Rate,22
Menifee,2011,Rate,47.2
Mercer,2011,Rate,24.9
Metcalfe,2011,Rate,38.4
Monroe,2011,Rate,37.1
Montgomery,2011,Rate,31.6
Morgan,2011,Rate,38.8
Muhlenberg,2011,Rate,30
Nelson,2011,Rate,23
Nicholas,2011,Rate,30.6
Ohio,2011,Rate,32.9
Oldham,2011,Rate,8
Owen,2011,Rate,28
Owsley,2011,Rate,57
Pendleton,2011,Rate,24.6
Perry,2011,Rate,32.3
Pike,2011,Rate,28.4
Estill,2012,Rate,39.7
Fayette,2012,Rate,20.2
Fleming,2012,Rate,31.3
Floyd,2012,Rate,43.9
Franklin,2012,Rate,24
Fulton,2012,Rate,43.9
Gallatin,2012,Rate,27.5
Garrard,2012,Rate,28.2
Grant,2012,Rate,26.3
Graves,2012,Rate,28.1
Grayson,2012,Rate,32.1
Green,2012,Rate,31.4
Greenup,2012,Rate,25.1
Hancock,2012,Rate,20.9
Hardin,2012,Rate,22.3
Harlan,2012,Rate,38.8
Harrison,2012,Rate,26.8
Hart,2012,Rate,36.2
Henderson,2012,Rate,25.8
Henry,2012,Rate,26.3
Hickman,2012,Rate,30.4
Hopkins,2012,Rate,26.4
Jackson,2012,Rate,43.5
Jefferson,2012,Rate,26
Jessamine,2012,Rate,22.5
Johnson,2012,Rate,32.8
Kenton,2012,Rate,20.8
Knott,2012,Rate,38.3
Knox,2012,Rate,43.8
Larue,2012,Rate,29.5
Laurel,2012,Rate,29.8
Lawrence,2012,Rate,32.8
Lee,2012,Rate,48.9
Leslie,2012,Rate,34.7
Letcher,2012,Rate,33.4
Lewis,2012,Rate,42.7
Lincoln,2012,Rate,35
Livingston,2012,Rate,23.1
Logan,2012,Rate,28.2
Lyon,2012,Rate,23
McCracken,2012,Rate,26.6
McCreary,2012,Rate,51.2
McLean,2012,Rate,24.9
Madison,2012,Rate,25
Magoffin,2012,Rate,41.1
Marion,2012,Rate,26.2
Marshall,2012,Rate,19.6
Martin,2012,Rate,42.8
Mason,2012,Rate,31.8
Meade,2012,Rate,24.7
Menifee,2012,Rate,47.5
Mercer,2012,Rate,24.3
Metcalfe,2012,Rate,39.4
Monroe,2012,Rate,38.6
Montgomery,2012,Rate,32.1
Morgan,2012,Rate,38.1
Muhlenberg,2012,Rate,27.2
Nelson,2012,Rate,23.7
Nicholas,2012,Rate,31.2
Ohio,2012,Rate,28.3
Oldham,2012,Rate,7.7
Owen,2012,Rate,28.1
Owsley,2012,Rate,56.8
Pendleton,2012,Rate,22.6
Perry,2012,Rate,34.6
Pike,2012,Rate,30.4
Pulaski,1997,Rate,27.6
Robertson,1997,Rate,29.8
Rockcastle,1997,Rate,32.1
Rowan,1997,Rate,28.1
Russell,1997,Rate,33.3
Scott,1997,Rate,16.2
Shelby,1997,Rate,14.3
Simpson,1997,Rate,17.2
Spencer,1997,Rate,16.6
Taylor,1997,Rate,23.9
Todd,1997,Rate,25
Trigg,1997,Rate,22.3
Trimble,1997,Rate,22.2
Union,1997,Rate,18
Warren,1997,Rate,20.8
Washington,1997,Rate,20.2
Wayne,1997,Rate,39
Webster,1997,Rate,21.1
Whitley,1997,Rate,38.2
Wolfe,1997,Rate,46.4
Woodford,1997,Rate,12.1
Pulaski,1998,Rate,24.6
Robertson,1998,Rate,21.9
Rockcastle,1998,Rate,28.4
Rowan,1998,Rate,25.4
Russell,1998,Rate,29.2
Scott,1998,Rate,14.4
Shelby,1998,Rate,14.8
Simpson,1998,Rate,16.5
Spencer,1998,Rate,14.9
Taylor,1998,Rate,22.6
Todd,1998,Rate,21.8
Trigg,1998,Rate,19.2
Trimble,1998,Rate,18.7
Union,1998,Rate,17.4
Warren,1998,Rate,19.6
Washington,1998,Rate,18.4
Wayne,1998,Rate,32.6
Webster,1998,Rate,20.9
Whitley,1998,Rate,31.5
Wolfe,1998,Rate,32
Woodford,1998,Rate,11.1
Pulaski,1999,Rate,24.7
Robertson,1999,Rate,24.2
Rockcastle,1999,Rate,27.4
Rowan,1999,Rate,23.8
Russell,1999,Rate,29.8
Scott,1999,Rate,13.8
Shelby,1999,Rate,13.8
Simpson,1999,Rate,15.8
Spencer,1999,Rate,13.2
Taylor,1999,Rate,23.8
Todd,1999,Rate,21.9
Trigg,1999,Rate,17.6
Trimble,1999,Rate,18.1
Union,1999,Rate,19.2
Warren,1999,Rate,18.5
Washington,1999,Rate,18.5
Wayne,1999,Rate,31.9
Webster,1999,Rate,20.1
Whitley,1999,Rate,31.8
Wolfe,1999,Rate,44.8
Woodford,1999,Rate,10.8
Pulaski,2000,Rate,27.4
Robertson,2000,Rate,31.2
Rockcastle,2000,Rate,28.8
Rowan,2000,Rate,21.5
Russell,2000,Rate,31
Scott,2000,Rate,11.3
Shelby,2000,Rate,13.4
Simpson,2000,Rate,14.4
Spencer,2000,Rate,9.4
Taylor,2000,Rate,23.7
Todd,2000,Rate,22.2
Trigg,2000,Rate,13.9
Trimble,2000,Rate,15
Union,2000,Rate,23.9
Warren,2000,Rate,18.3
Washington,2000,Rate,14.8
Wayne,2000,Rate,34.9
Webster,2000,Rate,20.4
Whitley,2000,Rate,34.2
Wolfe,2000,Rate,51.5
Woodford,2000,Rate,8.1
Pulaski,2001,Rate,24.1
Robertson,2001,Rate,22.9
Rockcastle,2001,Rate,27.4
Rowan,2001,Rate,23.7
Russell,2001,Rate,29.5
Scott,2001,Rate,12.2
Shelby,2001,Rate,12.2
Simpson,2001,Rate,16.9
Spencer,2001,Rate,11.1
Taylor,2001,Rate,22.6
Todd,2001,Rate,25
Trigg,2001,Rate,17.1
Trimble,2001,Rate,15.1
Union,2001,Rate,18
Warren,2001,Rate,17.9
Washington,2001,Rate,16.3
Wayne,2001,Rate,32.5
Webster,2001,Rate,19
Whitley,2001,Rate,32.7
Wolfe,2001,Rate,39.4
Woodford,2001,Rate,10
Pulaski,2002,Rate,26
Robertson,2002,Rate,24.6
Rockcastle,2002,Rate,27.9
Rowan,2002,Rate,24.6
Russell,2002,Rate,31.1
Scott,2002,Rate,13.4
Shelby,2002,Rate,12.8
Simpson,2002,Rate,18.6
Spencer,2002,Rate,10.7
Taylor,2002,Rate,23.6
Todd,2002,Rate,24.7
Trigg,2002,Rate,17.4
Trimble,2002,Rate,17.4
Union,2002,Rate,17.6
Warren,2002,Rate,19.3
Washington,2002,Rate,17.3
Wayne,2002,Rate,33.9
Webster,2002,Rate,18.8
Whitley,2002,Rate,35.7
Wolfe,2002,Rate,41.2
Woodford,2002,Rate,11
Pulaski,2003,Rate,25
Robertson,2003,Rate,24.3
Rockcastle,2003,Rate,27.9
Rowan,2003,Rate,24.3
Russell,2003,Rate,29.7
Scott,2003,Rate,13.9
Shelby,2003,Rate,13.5
Simpson,2003,Rate,19.3
Spencer,2003,Rate,10.7
Taylor,2003,Rate,23.2
Todd,2003,Rate,24.8
Trigg,2003,Rate,18.2
Trimble,2003,Rate,18.2
Union,2003,Rate,18.9
Warren,2003,Rate,20.3
Washington,2003,Rate,18.9
Wayne,2003,Rate,33.7
Webster,2003,Rate,19.1
Whitley,2003,Rate,34.3
Wolfe,2003,Rate,41.3
Woodford,2003,Rate,12.6
Pulaski,2004,Rate,26.5
Robertson,2004,Rate,25.1
Rockcastle,2004,Rate,29.3
Rowan,2004,Rate,24.9
Russell,2004,Rate,30.6
Scott,2004,Rate,14.3
Shelby,2004,Rate,14.7
Simpson,2004,Rate,19
Spencer,2004,Rate,11.7
Taylor,2004,Rate,24.5
Todd,2004,Rate,23.3
Trigg,2004,Rate,18.3
Trimble,2004,Rate,18.6
Union,2004,Rate,20.6
Warren,2004,Rate,21.3
Washington,2004,Rate,18.9
Wayne,2004,Rate,34
Webster,2004,Rate,20.2
Whitley,2004,Rate,34.7
Wolfe,2004,Rate,41.8
Woodford,2004,Rate,12.8
Pulaski,2005,Rate,28
Robertson,2005,Rate,30
Rockcastle,2005,Rate,35
Rowan,2005,Rate,28
Russell,2005,Rate,34
Scott,2005,Rate,13
Shelby,2005,Rate,14
Simpson,2005,Rate,20
Spencer,2005,Rate,11
Taylor,2005,Rate,26
Todd,2005,Rate,25
Trigg,2005,Rate,19
Trimble,2005,Rate,20
Union,2005,Rate,22
Warren,2005,Rate,19
Washington,2005,Rate,20
Wayne,2005,Rate,38
Webster,2005,Rate,21
Whitley,2005,Rate,39
Wolfe,2005,Rate,51
Woodford,2005,Rate,12
Pulaski,2006,Rate,25.9
Robertson,2006,Rate,29
Rockcastle,2006,Rate,32.7
Rowan,2006,Rate,28
Russell,2006,Rate,31.8
Scott,2006,Rate,14.1
Shelby,2006,Rate,14.3
Simpson,2006,Rate,20
Spencer,2006,Rate,10.7
Taylor,2006,Rate,31.1
Todd,2006,Rate,26.4
Trigg,2006,Rate,19.8
Trimble,2006,Rate,19.4
Union,2006,Rate,20.2
Warren,2006,Rate,20.5
Washington,2006,Rate,19.4
Wayne,2006,Rate,37.6
Webster,2006,Rate,21.1
Whitley,2006,Rate,38.1
Wolfe,2006,Rate,48.7
Woodford,2006,Rate,12.1
Pulaski,2007,Rate,31.6
Robertson,2007,Rate,30.2
Rockcastle,2007,Rate,34.8
Rowan,2007,Rate,28.7
Russell,2007,Rate,32.5
Scott,2007,Rate,13.1
Shelby,2007,Rate,16.8
Simpson,2007,Rate,20.3
Spencer,2007,Rate,11
Taylor,2007,Rate,24.3
Todd,2007,Rate,27.9
Trigg,2007,Rate,28.4
Trimble,2007,Rate,19.6
Union,2007,Rate,25.7
Warren,2007,Rate,23
Washington,2007,Rate,19.7
Wayne,2007,Rate,40
Webster,2007,Rate,19.1
Whitley,2007,Rate,39.3
Wolfe,2007,Rate,53.4
Woodford,2007,Rate,13.6
Pulaski,2008,Rate,31.9
Robertson,2008,Rate,33
Rockcastle,2008,Rate,35.9
Rowan,2008,Rate,28.5
Russell,2008,Rate,33
Scott,2008,Rate,13.7
Shelby,2008,Rate,15.7
Simpson,2008,Rate,20.6
Spencer,2008,Rate,11.2
Taylor,2008,Rate,25.9
Todd,2008,Rate,27.3
Trigg,2008,Rate,20.8
Trimble,2008,Rate,20.1
Union,2008,Rate,22.7
Warren,2008,Rate,21.2
Washington,2008,Rate,21.6
Wayne,2008,Rate,36.8
Webster,2008,Rate,22.8
Whitley,2008,Rate,35.6
Wolfe,2008,Rate,53.2
Woodford,2008,Rate,12.8
Powell,2009,Rate,43.5
Pulaski,2009,Rate,28.7
Robertson,2009,Rate,33.2
Rockcastle,2009,Rate,35.7
Rowan,2009,Rate,31.5
Russell,2009,Rate,36.5
Scott,2009,Rate,18.8
Shelby,2009,Rate,17
Simpson,2009,Rate,23
Spencer,2009,Rate,13.2
Taylor,2009,Rate,33.1
Todd,2009,Rate,30.7
Trigg,2009,Rate,24.6
Trimble,2009,Rate,21.8
Union,2009,Rate,24.2
Warren,2009,Rate,22.8
Washington,2009,Rate,23.9
Wayne,2009,Rate,38.8
Webster,2009,Rate,22.7
Whitley,2009,Rate,40.7
Wolfe,2009,Rate,51.3
Woodford,2009,Rate,15.4
Powell,2010,Rate,40.1
Pulaski,2010,Rate,29.4
Robertson,2010,Rate,33.3
Rockcastle,2010,Rate,35.1
Rowan,2010,Rate,32.3
Russell,2010,Rate,37.4
Scott,2010,Rate,15.9
Shelby,2010,Rate,17.7
Simpson,2010,Rate,25.2
Spencer,2010,Rate,12.6
Taylor,2010,Rate,35
Todd,2010,Rate,35.1
Trigg,2010,Rate,25.1
Trimble,2010,Rate,20.2
Union,2010,Rate,27
Warren,2010,Rate,25.5
Washington,2010,Rate,24.9
Wayne,2010,Rate,40.7
Webster,2010,Rate,21.6
Whitley,2010,Rate,37.6
Wolfe,2010,Rate,47.8
Woodford,2010,Rate,16.9
Powell,2011,Rate,41
Pulaski,2011,Rate,34.7
Robertson,2011,Rate,34.2
Rockcastle,2011,Rate,38.5
Rowan,2011,Rate,32.9
Russell,2011,Rate,34.9
Scott,2011,Rate,17.5
Shelby,2011,Rate,19
Simpson,2011,Rate,25.9
Spencer,2011,Rate,13.6
Taylor,2011,Rate,29.5
Todd,2011,Rate,33.6
Trigg,2011,Rate,27.1
Trimble,2011,Rate,23.7
Union,2011,Rate,26.6
Warren,2011,Rate,25.1
Washington,2011,Rate,26
Wayne,2011,Rate,47.8
Webster,2011,Rate,25.9
Whitley,2011,Rate,37
Wolfe,2011,Rate,48.6
Woodford,2011,Rate,16.8
Powell,2012,Rate,41.9
Pulaski,2012,Rate,31.2
Robertson,2012,Rate,35.4
Rockcastle,2012,Rate,36.5
Rowan,2012,Rate,32.6
Russell,2012,Rate,39.5
Scott,2012,Rate,15.6
Shelby,2012,Rate,18.5
Simpson,2012,Rate,26.8
Spencer,2012,Rate,14
Taylor,2012,Rate,31.5
Todd,2012,Rate,32.2
Trigg,2012,Rate,27.3
Trimble,2012,Rate,22.8
Union,2012,Rate,25.4
Warren,2012,Rate,25.8
Washington,2012,Rate,23.6
Wayne,2012,Rate,38
Webster,2012,Rate,23.4
Whitley,2012,Rate,42.7
Wolfe,2012,Rate,49.9
Woodford,2012,Rate,16.4
